Nomor,Execution_Mode,Operasi,Volume,Jumlah_Client_Worker_Pool,Jumlah_Server_Worker_Pool,Waktu_Total_Per_Client,Throughput_Per_Client,Client_Worker_Sukses,Client_Worker_Gagal,Server_Worker_Sukses,Server_Worker_Gagal,Server_Type,Throughput_Bytes_Per_Second,Throughput_MB_Per_Second,Success_Rate,Error_Message,Total_Time
1,thread,download,10,1,1,0.004982471466064453,1006252.0029753748,1,0,1,0,thread,1006252.0029753748,0.9596366910699604,1.0,,0.006089925765991211
2,thread,upload,10,1,1,0.07449197769165039,139196306.84592986,1,0,1,0,thread,139196306.84592986,132.74794277756678,1.0,,0.07533073425292969
3,thread,download,10,1,5,0.016052722930908203,363499.62397997425,1,0,1,0,thread,363499.62397997425,0.34666025541303086,1.0,,0.016858339309692383
4,thread,upload,10,1,5,0.055548906326293945,183748057.71850663,1,0,1,0,thread,183748057.71850663,175.23580333567298,1.0,,0.05706596374511719
5,thread,download,10,5,1,0.0062577247619628905,3547058.4460820844,5,0,5,0,thread,3547058.4460820844,3.3827385388203473,1.0,,0.008638143539428711
