Test,Operation,Workers,Success,Failed,Avg_Time,Throughput
1,upload,1,1,0,0.0334925651550293,29300971.432880964
2,upload,5,5,0,0.0675279140472412,46012660.26427183
3,download,1,1,0,0.017637014389038086,334672.543633688
4,download,5,5,0,0.0121185302734375,2157797.1223214883
